zipCode,medianHouseholdIncome,latitude,longitude
48001,69160,42.639195,-82.581664
48002,93948,42.935043,-82.916493
48003,90452,42.930235,-83.039992
48005,105734,42.855919,-82.912384
48006,71385,43.083019,-82.691035
48009,153401,42.544048,-83.217653
48014,66800,43.025719,-82.931553
48015,54703,42.480563,-83.027424
48017,88812,42.536689,-83.150389
48021,62325,42.46608,-82.946341
48022,96809,43.023396,-82.802404
48023,70469,42.704385,-82.658852
48025,185000,42.520357,-83.264824
48026,64354,42.537633,-82.946742
48027,90417,42.944289,-82.694041
48028,109730,42.580209,-82.61662
48030,67073,42.461926,-83.097693
48032,96875,43.133203,-82.596952
48033,61016,42.459322,-83.293205
48034,62938,42.496906,-83.290998
48035,73015,42.5566,-82.907589
48036,70071,42.597045,-82.913144
48038,78567,42.603611,-82.941283
48039,82755,42.692907,-82.546478
48040,66901,42.910313,-82.480603
48041,75677,42.937257,-82.809536
48042,126667,42.683619,-82.909486
48043,52161,42.598055,-82.881506
48044,117856,42.650226,-82.928905
48045,80366,42.587101,-82.817239
48047,94890,42.673906,-82.774086
48048,70938,42.738492,-82.798312
48049,84028,43.040497,-82.57108
48050,91136,42.787537,-82.799467
48051,90968,42.689938,-82.826099
48054,83241,42.770358,-82.528976
48059,80062,43.088752,-82.488372
48060,53018,42.983609,-82.458315
48062,82045,42.852495,-82.796471
48063,93844,42.859332,-82.683111
48064,87538,42.764617,-82.666777
48065,106053,42.845354,-83.039398
48066,62182,42.507586,-82.936582
48067,112840,42.490558,-83.137524
48069,171125,42.471516,-83.1445
48070,190150,42.481899,-83.168088
48071,69503,42.507259,-83.10337
48072,116239,42.497885,-83.185862
48073,91627,42.519181,-83.164361
48074,71047,42.950223,-82.561555
48075,65384,42.461778,-83.229942
48076,90058,42.497539,-83.230652
48079,79891,42.858849,-82.548404
48080,66986,42.465411,-82.897399
48081,82009,42.494669,-82.895039
48082,74806,42.528022,-82.887195
48083,90794,42.55701,-83.116767
48084,107098,42.560629,-83.175582
48085,146390,42.604032,-83.122111
48088,81601,42.515746,-82.982986
48089,52366,42.468075,-82.993829
48091,54230,42.46813,-83.058248
48092,73808,42.512535,-83.059507
48093,68218,42.51589,-83.016483
48094,98017,42.734556,-83.051541
48095,107393,42.778744,-83.048072
48096,117917,42.762151,-82.92047
48097,63659,43.121947,-82.827417
48098,164759,42.598433,-83.17845
48101,81655,42.259473,-83.21039
48103,116194,42.26135,-83.846458
48104,64231,42.262235,-83.716886
48105,94774,42.327634,-83.696444
48108,89355,42.221695,-83.732282
48109,14093,42.291245,-83.708195
48111,76595,42.183156,-83.489036
48114,124063,42.567939,-83.75629
48116,106763,42.505863,-83.781249
48117,78942,42.050259,-83.410188
48118,88278,42.312205,-84.0341
48120,66006,42.303127,-83.163893
48122,42185,42.278607,-83.182255
48124,81796,42.298036,-83.24761
48125,60195,42.277334,-83.264832
48126,42140,42.330326,-83.187133
48127,60742,42.335793,-83.283296
48128,101037,42.320411,-83.259969
48130,129254,42.364141,-83.90936
48131,85747,41.9668,-83.673262
48133,74388,41.782381,-83.486028
48134,92076,42.106695,-83.296148
48135,67294,42.324383,-83.341192
48137,78973,42.471975,-84.074565
48138,126582,42.131288,-83.155729
48139,47188,42.453024,-83.807909
48140,109257,41.882184,-83.580507
48141,39252,42.293945,-83.320298
48144,101410,41.752485,-83.6287
48145,83204,41.844247,-83.45997
48146,58616,42.243291,-83.181258
48150,97997,42.371604,-83.376788
48152,88288,42.424935,-83.374264
48154,104867,42.398181,-83.372359
48157,61641,41.815464,-83.437467
48158,94784,42.155701,-84.029242
48159,74519,42.024779,-83.548907
48160,103453,42.082449,-83.679766
48161,67414,41.907183,-83.472489
48162,67876,41.960425,-83.429323
48164,107827,42.131745,-83.397257
48165,106220,42.497724,-83.618198
48166,69592,41.98821,-83.292421
48167,124630,42.432426,-83.52436
48168,187589,42.405262,-83.540498
48169,109329,42.461925,-83.947382
48170,114278,42.367689,-83.534306
48173,94094,42.073679,-83.212774
48174,67056,42.236686,-83.391656
48176,114206,42.136836,-83.82925
48177,81818,41.804838,-83.58159
48178,131558,42.443769,-83.656913
48179,77095,42.035095,-83.255444
48180,61081,42.225283,-83.267691
48182,84375,41.789858,-83.583849
48183,83508,42.131459,-83.217792
48184,59171,42.274474,-83.395633
48185,60854,42.333901,-83.384209
48186,65187,42.293764,-83.370739
48187,120321,42.325573,-83.483576
48188,122781,42.286081,-83.487072
48189,87145,42.40953,-83.782954
48190,76875,42.131617,-83.603327
48191,102833,42.121147,-83.565682
48192,71987,42.210674,-83.157208
48193,74566,42.174019,-83.21085
48195,66118,42.204707,-83.205685
48197,73737,42.194034,-83.639984
48198,63326,42.275075,-83.58634
48201,24749,42.34703,-83.060048
48202,43627,42.374597,-83.077652
48203,38404,42.421228,-83.105483
48204,34468,42.365825,-83.142801
48205,38966,42.433186,-82.981311
48206,45046,42.375168,-83.107831
48207,47831,42.348974,-83.012704
48208,36194,42.348486,-83.091781
48209,43161,42.306083,-83.117655
48210,37838,42.336418,-83.128741
48211,35725,42.381755,-83.046124
48212,38186,42.41,-83.055973
48213,34003,42.3979,-82.995397
48214,33544,42.365116,-82.987644
48215,33812,42.375217,-82.954301
48216,44335,42.326385,-83.07926
48217,44447,42.277651,-83.155078
48218,41033,42.270448,-83.131536
48219,43655,42.425328,-83.251428
48220,89881,42.458051,-83.135196
48221,57878,42.427187,-83.149528
48223,44512,42.393398,-83.246136
48224,44856,42.410699,-82.941456
48225,61750,42.438887,-82.929679
48226,64860,42.331815,-83.050354
48227,36527,42.387362,-83.192562
48228,30680,42.355145,-83.218208
48229,40264,42.249592,-83.140439
48230,137310,42.382395,-82.921842
48234,35322,42.431184,-83.039509
48235,39265,42.427075,-83.19466
48236,128242,42.422583,-82.89285
48237,71510,42.464943,-83.18241
48238,33315,42.396277,-83.141316
48239,71151,42.376245,-83.286394
48240,60390,42.424483,-83.301271
48301,167143,42.5424,-83.282168
48302,178103,42.581851,-83.304703
48304,143204,42.58894,-83.233229
48306,163684,42.724326,-83.147312
48307,106576,42.659316,-83.122679
48309,121007,42.657213,-83.186577
48310,78058,42.566517,-83.066512
48312,68061,42.558228,-83.008926
48313,88065,42.599167,-82.997186
48314,85889,42.612074,-83.053489
48315,100684,42.671835,-82.997399
48316,107776,42.690184,-83.057237
48317,72917,42.644251,-83.051539
48320,78150,42.611935,-83.338092
48322,113865,42.537824,-83.384526
48323,144457,42.570804,-83.377909
48324,142100,42.594679,-83.393657
48326,85190,42.688246,-83.244075
48327,74788,42.6383,-83.410667
48328,72299,42.65016,-83.363182
48329,85709,42.687016,-83.388622
48331,127633,42.502486,-83.408936
48334,102228,42.504694,-83.349204
48335,99439,42.462863,-83.405029
48336,88938,42.463342,-83.348054
48340,47891,42.672141,-83.287938
48341,51390,42.626505,-83.291425
48342,35253,42.64441,-83.274561
48346,101477,42.717889,-83.428715
48348,129410,42.768579,-83.404438
48350,110042,42.739418,-83.531044
48353,105964,42.646151,-83.714412
48356,103872,42.654414,-83.592905
48357,94954,42.658574,-83.646557
48359,93125,42.720766,-83.275499
48360,140865,42.747358,-83.261
48362,115230,42.782351,-83.269423
48363,179375,42.772483,-83.162499
48367,110405,42.836232,-83.136902
48370,131111,42.840232,-83.191537
48371,111239,42.845874,-83.284608
48374,182827,42.473843,-83.519976
48375,112545,42.465798,-83.464035
48377,83104,42.505368,-83.473579
48380,131979,42.582994,-83.666836
48381,105213,42.558412,-83.591793
48382,137768,42.582368,-83.51143
48383,102072,42.65561,-83.525824
48386,89702,42.660183,-83.479969
48390,91381,42.550711,-83.474218
48393,65962,42.521838,-83.545088
48401,70536,43.347337,-82.661491
48410,55250,43.566289,-82.936223
48412,79534,43.070433,-83.175549
48413,58346,43.802747,-82.996755
48414,68214,42.861694,-84.079847
48415,79067,43.271876,-83.808105
48416,66474,43.217071,-82.984954
48417,72422,43.261282,-83.939194
48418,74547,42.794295,-83.969891
48419,59485,43.435806,-82.660428
48420,66063,43.179103,-83.700508
48421,71114,43.155496,-83.393189
48422,57899,43.261472,-82.653704
48423,65079,43.04042,-83.51428
48426,62169,43.508618,-83.065131
48427,56842,43.535638,-82.725482
48428,100033,42.938195,-83.154454
48429,67725,42.902799,-84.004049
48430,100193,42.757217,-83.738279
48432,63661,43.901679,-82.974888
48433,81513,43.08221,-83.861039
48434,40938,43.659867,-82.612562
48435,86905,43.245379,-83.359338
48436,94487,42.87611,-83.879438
48437,40864,43.113049,-83.618412
48438,106796,42.913657,-83.484165
48439,88490,42.91714,-83.631336
48440,153173,42.955721,-83.407839
48441,50765,43.797892,-82.70863
48442,86575,42.798926,-83.595677
48444,71436,43.058491,-83.045197
48445,51645,43.950222,-82.990556
48446,66062,43.05374,-83.338704
48449,69545,42.991452,-83.944772
48450,52962,43.252306,-82.540855
48451,99943,42.805959,-83.815991
48453,53676,43.348144,-83.032572
48454,62639,43.195011,-82.812721
48455,103835,42.939796,-83.29103
48456,62321,43.666971,-82.762208
48457,71090,43.190051,-83.894218
48458,46797,43.1253,-83.68155
48460,80000,43.123857,-83.984481
48461,78453,43.193661,-83.206162
48462,105699,42.848445,-83.42125
48463,72500,43.165799,-83.519301
48464,81417,43.210907,-83.419044
48465,73750,43.615727,-82.705626
48466,59241,43.280507,-82.808877
48467,53750,44.015356,-82.982415
48468,63000,43.938412,-82.775181
48469,56023,43.441469,-82.558181
48470,58594,43.73618,-82.76352
48471,62844,43.41942,-82.852081
48472,61000,43.512323,-82.963212
48473,77921,42.937062,-83.820454
48475,61719,43.670124,-82.933407
48476,70000,42.938318,-84.03453
48502,50000,43.014645,-83.689159
48503,44411,42.998726,-83.710153
48504,38719,43.054725,-83.743745
48505,33283,43.06916,-83.692301
48506,47929,43.067472,-83.624392
48507,46554,42.966974,-83.71736
48509,64160,43.029903,-83.60068
48519,64351,42.981908,-83.604939
48529,41333,42.970338,-83.65859
48532,61998,43.011068,-83.794875
48601,38900,43.394997,-83.88928
48602,46984,43.420026,-83.974472
48603,66352,43.458786,-84.029471
48604,53042,43.499764,-83.969084
48607,37973,43.432412,-83.933828
48609,78218,43.389617,-84.08317
48610,59091,44.141691,-84.192191
48611,87963,43.634148,-84.097206
48612,55761,43.883024,-84.439434
48613,58846,43.947886,-84.155644
48614,63393,43.250991,-84.298042
48615,70000,43.422237,-84.474354
48616,66819,43.191092,-84.113454
48617,58321,43.851308,-84.717297
48618,61968,43.736779,-84.556707
48619,46422,44.819736,-84.020613
48620,99231,43.807628,-84.380417
48621,51304,44.721241,-84.012674
48622,56804,43.835257,-84.891309
48623,101250,43.519318,-84.133945
48624,55130,44.061093,-84.45737
48625,43030,44.052142,-84.837442
48626,84360,43.421368,-84.221438
48628,93854,43.773578,-84.324041
48629,56520,44.312238,-84.784698
48630,62019,44.325497,-84.773269
48631,74398,43.688645,-83.995895
48632,57036,43.850411,-85.022782
48633,48261,43.948976,-84.93383
48634,87992,43.759621,-84.035837
48635,57500,44.387169,-83.99443
48636,65870,44.586019,-84.28586
48637,65865,43.413712,-84.33557
48638,69459,43.418925,-84.018242
48640,80574,43.582166,-84.337227
48642,77847,43.702468,-84.235252
48647,47281,44.650682,-84.086078
48649,72609,43.150461,-84.217431
48650,61911,43.849287,-84.013205
48651,43712,44.254775,-84.614813
48652,69766,43.848749,-84.216651
48653,65913,44.490344,-84.605805
48654,45202,44.476724,-84.11752
48655,66115,43.294547,-84.159596
48656,47750,44.354828,-84.461831
48657,72500,43.707391,-84.423081
48658,53750,43.975339,-83.936798
48659,58750,44.065548,-84.050783
48661,61377,44.318406,-84.236213
48662,70321,43.400996,-84.416668
48701,62969,43.586877,-83.557827
48703,64792,44.063642,-83.675914
48705,65104,44.695107,-83.65596
48706,62747,43.603805,-83.955411
48708,50518,43.55706,-83.84968
48720,60250,43.831749,-83.393304
48721,60500,44.79677,-83.32924
48722,66473,43.346724,-83.844762
48723,55779,43.487517,-83.384739
48724,34512,43.457759,-83.926284
48725,60298,43.943956,-83.209593
48726,65087,43.607392,-83.168024
48727,64583,43.306497,-83.181103
48728,46250,44.743789,-83.822123
48729,60776,43.495939,-83.173779
48730,49823,44.349359,-83.487067
48731,53021,43.836579,-83.151845
48732,57903,43.612331,-83.789822
48733,60500,43.534102,-83.593113
48734,91032,43.357562,-83.74851
48735,61364,43.667593,-83.270883
48737,38000,44.549723,-83.712024
48738,63462,44.549569,-83.336163
48739,52802,44.370453,-83.844934
48740,54393,44.663889,-83.372024
48741,59107,43.402479,-83.179873
48742,66477,44.721621,-83.446145
48744,67944,43.348042,-83.359255
48745,49844,44.5637,-83.484031
48746,67276,43.260277,-83.541049
48747,81458,43.518879,-83.764927
48748,58750,44.329236,-83.697641
48749,51544,44.053935,-83.900947
48750,45561,44.435199,-83.472879
48754,77500,43.733157,-83.242375
48755,61964,43.791501,-83.24562
48756,46008,44.233746,-83.973379
48757,73832,43.469859,-83.676311
48759,65222,43.730478,-83.385904
48760,54643,43.317658,-83.252582
48761,47188,44.510924,-83.89171
48762,73421,44.799958,-83.496914
48763,59677,44.246047,-83.613405
48765,45000,44.151556,-83.717952
48766,56583,44.110287,-83.856275
48767,77938,43.650518,-83.463154
48768,64413,43.370353,-83.576451
48770,49957,44.251183,-83.814184
48801,58750,43.378415,-84.676007
48806,61375,43.186204,-84.49531
48807,60825,43.150476,-84.402006
48808,78370,42.826809,-84.452707
48809,71071,43.075299,-85.257962
48811,70625,43.183922,-84.855988
48813,80429,42.573445,-84.845726
48815,85962,42.834371,-85.258585
48816,48978,42.765009,-83.955981
48817,55194,43.013949,-84.042884
48818,55924,43.272681,-84.897851
48819,110833,42.54423,-84.293281
48820,112526,42.863913,-84.592296
48821,107440,42.640388,-84.6513
48822,91299,42.835279,-84.763128
48823,52018,42.764057,-84.459921
48827,78257,42.508448,-84.661278
48829,63750,43.398205,-85.015378
48831,63299,43.096225,-84.372473
48832,73393,43.411883,-84.776582
48834,53958,43.128796,-85.031237
48835,81964,43.024903,-84.749057
48836,90592,42.669319,-84.076583
48837,96517,42.74701,-84.771033
48838,70176,43.182841,-85.258386
48840,73408,42.763138,-84.379361
48841,60156,43.112204,-84.239315
48842,88340,42.635311,-84.539319
48843,94577,42.575579,-83.923381
48845,86042,43.111475,-84.852555
48846,66742,42.986125,-85.057887
48847,66264,43.273232,-84.575579
48848,94519,42.881256,-84.356618
48849,80313,42.797413,-85.127567
48850,68047,43.435272,-85.246061
48851,65726,42.951055,-84.9364
48852,41875,43.352631,-85.046437
48853,51607,43.099962,-84.688515
48854,94716,42.581698,-84.451612
48855,108442,42.681274,-83.8972
48856,91413,43.19719,-84.733504
48857,75455,42.840946,-84.155615
48858,51267,43.616033,-84.795459
48860,50600,43.052972,-84.92172
48861,89412,42.729428,-84.915601
48862,51563,43.249903,-84.548412
48864,121103,42.70417,-84.392139
48865,70039,43.090516,-85.104617
48866,65281,42.993433,-84.382609
48867,59825,43.005586,-84.187626
48870,34290,43.110264,-84.984823
48871,84803,43.156653,-84.673805
48872,79333,42.79865,-84.223099
48873,86250,43.007396,-84.828157
48874,75774,43.186449,-84.594937
48875,94216,42.860813,-84.941448
48876,74594,42.648423,-84.733104
48877,64653,43.403734,-84.840802
48878,57656,43.706091,-84.779864
48879,79129,43.006704,-84.579248
48880,59922,43.458864,-84.578359
48881,78607,42.932743,-85.204349
48883,65223,43.543727,-84.673886
48884,62750,43.209843,-85.049208
48885,71389,43.242912,-85.147939
48886,61667,43.415719,-85.159692
48888,57500,43.314815,-85.106068
48889,60200,43.285072,-84.8069
48890,79444,42.766873,-84.966363
48891,51429,43.395354,-84.911507
48892,89125,42.643735,-84.170035
48893,73108,43.686552,-84.989883
48894,101923,42.925563,-84.792902
48895,93418,42.688915,-84.279784
48896,136136,43.52125,-84.901015
48897,69531,42.703898,-85.130349
48906,64315,42.788027,-84.589435
48910,54712,42.697056,-84.52504
48911,56631,42.672858,-84.5734
48912,54429,42.738361,-84.524017
48915,54465,42.739959,-84.570887
48917,70990,42.725239,-84.639542
48933,33589,42.729373,-84.556242
49001,56432,42.264543,-85.561545
49002,73647,42.197202,-85.555543
49004,73453,42.349081,-85.558418
49006,43639,42.295379,-85.629064
49007,39344,42.302591,-85.588193
49008,74943,42.263643,-85.613247
49009,80930,42.303617,-85.698025
49010,74370,42.532965,-85.871134
49011,59722,42.099005,-85.225472
49012,73125,42.350751,-85.344597
49013,55349,42.302382,-86.100335
49014,69009,42.309994,-85.10697
49015,68821,42.278204,-85.229231
49017,60885,42.391685,-85.201106
49021,82959,42.460434,-85.054743
49022,39499,42.112591,-86.373377
49024,91105,42.206513,-85.617997
49026,68203,42.376862,-85.963435
49027,108333,42.350328,-86.067386
49028,60127,41.844036,-85.179964
49029,75188,42.140731,-85.089143
49030,69167,41.865948,-85.338879
49031,66944,41.903528,-85.976781
49032,66420,41.911488,-85.52287
49033,94750,42.227502,-85.088714
49034,73929,42.234273,-85.330521
49036,62259,41.90548,-85.031277
49037,42690,42.334561,-85.249172
49038,62636,42.202822,-86.320868
49040,64306,41.965926,-85.323248
49042,72910,41.859375,-85.669395
49043,36280,42.285992,-86.268503
49045,57436,42.102102,-85.999123
49046,86054,42.519178,-85.387984
49047,62963,42.004654,-86.120706
49048,60454,42.274268,-85.493081
49050,75089,42.504302,-85.245704
49051,74886,42.176669,-85.236608
49052,63889,42.121199,-85.315221
49053,85909,42.286125,-85.411396
49055,62083,42.368474,-85.857813
49056,63438,42.395243,-86.066041
49057,51345,42.184475,-86.18301
49058,68214,42.636422,-85.29969
49060,134861,42.424345,-85.40485
49061,79229,41.873542,-85.815243
49064,68607,42.219819,-86.050128
49065,71447,42.138273,-85.842108
49066,69236,42.031263,-85.343516
49067,74583,42.024172,-85.798766
49068,80857,42.275694,-84.940816
49070,68750,42.53933,-85.62939
49071,108629,42.226439,-85.775518
49072,63875,42.012663,-85.457739
49073,67604,42.574928,-85.126192
49074,33750,42.320352,-85.540205
49075,105147,41.917513,-85.448603
49076,74440,42.428635,-84.88033
49078,77778,42.47251,-85.732849
49079,73333,42.240155,-85.908075
49080,74864,42.456426,-85.588337
49082,74063,41.940929,-84.87654
49083,105496,42.37811,-85.461128
49084,54375,42.180349,-86.385082
49085,104969,42.054277,-86.4626
49087,106250,42.12458,-85.676226
49088,100208,42.179736,-85.422562
49089,69286,42.001176,-85.234458
49090,68920,42.407427,-86.214544
49091,67333,41.828331,-85.447929
49092,64211,42.094284,-84.962983
49093,63118,41.975687,-85.647019
49094,65404,42.050304,-85.11357
49095,83393,41.906366,-85.885593
49096,73929,42.637069,-85.007259
49097,88208,42.121971,-85.487442
49098,59047,42.163885,-86.239986
49099,70307,41.793262,-85.671752
49101,75048,41.944405,-86.483407
49102,63000,41.949226,-86.252076
49103,65827,41.946299,-86.376474
49106,72500,41.938283,-86.554765
49107,66289,41.844909,-86.417637
49111,70915,42.022699,-86.291132
49112,61785,41.796034,-86.03054
49113,59219,41.803262,-86.501365
49116,127857,41.848108,-86.672121
49117,75114,41.781671,-86.726836
49119,56513,41.875946,-86.549234
49120,65148,41.831896,-86.230837
49125,79766,41.891899,-86.579425
49126,76875,42.032522,-86.371812
49127,93338,42.000088,-86.521741
49128,67398,41.820406,-86.600497
49129,106181,41.816107,-86.686432
49130,76667,41.774422,-85.860349
49201,74484,42.311764,-84.456172
49202,42632,42.267206,-84.41085
49203,56201,42.220698,-84.401859
49220,72500,41.998622,-84.337415
49221,65977,41.902354,-84.064698
49224,53144,42.279617,-84.746876
49227,53587,41.949816,-84.77305
49228,82703,41.809023,-83.875598
49229,94950,41.992102,-83.826493
49230,83458,42.090395,-84.2173
49232,56324,41.740366,-84.664597
49233,81250,42.061765,-84.367016
49234,110313,42.127037,-84.368713
49235,64219,41.863913,-84.20092
49236,79783,42.076033,-83.942349
49237,66956,42.173248,-84.648128
49238,75054,41.90223,-83.785596
49240,99681,42.271975,-84.179743
49241,81742,42.107843,-84.603335
49242,61029,41.886298,-84.622698
49245,62206,42.139366,-84.811584
49246,81908,42.122922,-84.503513
49247,59787,41.837616,-84.338261
49248,81250,41.756481,-84.011322
49249,82407,42.029334,-84.454755
49250,65744,42.021736,-84.626224
49251,85253,42.463459,-84.413194
49252,55762,42.035237,-84.765398
49253,89069,41.961543,-84.269284
49254,63750,42.225629,-84.323633
49255,51346,41.768259,-84.862872
49256,62880,41.746804,-84.214469
49259,66500,42.38293,-84.255748
49261,91875,42.162684,-84.247
49262,54423,41.963612,-84.46829
49264,92188,42.446232,-84.555061
49265,77931,42.006721,-84.175289
49266,66173,41.83975,-84.546789
49267,97961,41.757323,-83.719429
49268,80833,41.868704,-83.929015
49269,86699,42.288195,-84.580066
49270,94840,41.873675,-83.680783
49271,56389,41.831987,-84.453091
49272,84107,42.394756,-84.351271
49274,58087,41.846682,-84.759784
49276,73750,41.794583,-83.776666
49277,91912,42.388652,-84.469336
49279,71364,41.779648,-84.104066
49282,34911,42.03305,-84.400783
49283,108464,42.20139,-84.556087
49284,57500,42.382301,-84.690714
49285,73375,42.463242,-84.210049
49286,72429,42.009371,-83.930277
49287,88068,42.02303,-84.073485
49288,66833,41.733942,-84.429587
49301,183125,42.973443,-85.476998
49302,134722,42.821539,-85.402238
49303,78917,43.271549,-85.860632
49304,45991,43.907821,-85.872637
49305,51875,43.752024,-85.151106
49306,115039,43.074829,-85.565582
49307,60358,43.697682,-85.482957
49309,42566,43.759789,-85.876901
49310,64420,43.513812,-85.04746
49312,40694,43.686004,-85.783517
49315,113346,42.80363,-85.741985
49316,103238,42.793767,-85.550467
49318,81591,43.227276,-85.820431
49319,78951,43.230087,-85.528037
49320,63929,43.755143,-85.287539
49321,77870,43.073608,-85.681875
49322,73750,43.355784,-85.351225
49323,98745,42.728548,-85.790642
49325,90472,42.760797,-85.301726
49326,84000,43.253633,-85.317352
49327,69697,43.323527,-85.845311
49328,94340,42.63368,-85.758168
49329,74235,43.4067,-85.494998
49330,75794,43.241536,-85.736679
49331,91800,42.950189,-85.351989
49332,59509,43.620936,-85.241642
49333,89214,42.695042,-85.463674
49335,116466,42.746252,-85.66907
49336,54522,43.508359,-85.435658
49337,67526,43.423029,-85.718784
49338,69375,43.771679,-85.602298
49339,86611,43.331355,-85.496459
49340,54417,43.61793,-85.110768
49341,113989,43.124135,-85.490928
49342,53971,43.690435,-85.315591
49343,80408,43.299716,-85.526074
49344,84661,42.589905,-85.591301
49345,85463,43.153922,-85.70523
49346,72975,43.594885,-85.421128
49347,91477,43.312299,-85.345236
49348,82512,42.685079,-85.610075
49349,54028,43.575337,-85.748732
49401,74880,42.977594,-85.958569
49402,51324,43.94098,-86.018022
49403,85000,43.140975,-85.857766
49404,86096,43.063438,-85.952185
49405,70139,43.907283,-86.189734
49406,102500,42.64076,-86.210618
49408,73452,42.571678,-86.116236
49410,61515,44.027217,-86.148636
49411,61857,44.114566,-86.256829
49412,66741,43.470153,-85.946264
49415,81908,43.150964,-86.114307
49417,83405,43.009233,-86.152022
49418,84846,42.878123,-85.767925
49419,98324,42.676963,-85.979912
49420,58841,43.719985,-86.282313
49421,53555,43.599532,-86.069216
49423,81858,42.739168,-86.084793
49424,85478,42.832778,-86.130421
49425,62841,43.450442,-86.110575
49426,112234,42.863317,-85.887576
49428,100225,42.920207,-85.835883
49431,66336,43.964611,-86.409251
49434,178942,42.770029,-86.20771
49435,103432,43.024453,-85.835175
49436,67279,43.687483,-86.46853
49437,82805,43.463596,-86.384631
49440,46808,43.23747,-86.253396
49441,67427,43.179962,-86.286824
49442,48563,43.241841,-86.135719
49444,53054,43.177117,-86.199527
49445,84877,43.292537,-86.293883
49446,65217,43.539803,-86.378167
49448,86458,43.094383,-86.071643
49449,80917,43.793624,-86.388577
49450,50102,42.477969,-86.075032
49451,71563,43.213069,-85.967762
49452,55441,43.514595,-86.254788
49453,110139,42.661281,-86.178771
49454,61280,43.946348,-86.285058
49455,63621,43.610287,-86.378251
49456,92672,43.091147,-86.206467
49457,78225,43.351479,-86.145156
49458,113077,43.948109,-86.114867
49459,55806,43.736074,-86.095686
49460,101966,42.932375,-86.151244
49461,83363,43.37686,-86.331126
49464,98319,42.844796,-85.984799
49503,64661,42.96212,-85.659394
49504,70119,42.981579,-85.7107
49505,74906,42.996477,-85.637735
49506,118131,42.945748,-85.613839
49507,61461,42.930584,-85.655257
49508,70120,42.872994,-85.628015
49509,65132,42.897764,-85.693418
49512,71329,42.880121,-85.553203
49519,73762,42.895765,-85.71951
49525,94037,43.022168,-85.592115
49534,81657,42.964438,-85.787181
49544,74390,43.038932,-85.74657
49546,99343,42.93291,-85.535868
49548,61636,42.867826,-85.662972
49601,63498,44.242697,-85.539922
49611,101304,44.979986,-84.978744
49612,85156,44.863464,-85.224922
49613,77955,44.50612,-86.206892
49614,72250,44.445628,-86.111686
49615,79469,44.964551,-85.206629
49616,57982,44.579933,-86.090298
49617,74207,44.641515,-86.032239
49618,53654,44.302589,-85.590049
49619,62574,44.293058,-85.991212
49620,75192,44.516271,-85.686369
49621,95446,44.857781,-85.76991
49622,70098,45.075079,-85.267066
49623,60147,43.908889,-85.691816
49625,52583,44.43274,-85.858343
49626,50208,44.242818,-86.29251
49627,56196,45.112422,-85.358744
49628,114375,44.620998,-86.234097
49629,65302,44.918988,-85.390286
49630,106375,44.840524,-86.046492
49631,47174,43.916915,-85.259288
49632,46696,44.239007,-84.967889
49633,73681,44.562155,-85.185029
49634,47083,44.214721,-86.288768
49635,72422,44.625614,-86.193112
49636,119688,44.891248,-85.964596
49637,75000,44.636211,-85.71054
49638,45625,44.286973,-85.755675
49639,64388,43.84701,-85.408527
49640,83214,44.724471,-86.04736
49642,26950,43.904253,-85.783959
49643,81222,44.639738,-85.828944
49644,54013,44.111533,-85.917804
49645,56300,44.372119,-86.025418
49646,64863,44.719997,-85.036456
49648,93272,44.997686,-85.338808
49649,74656,44.563366,-85.525438
49650,87500,44.739836,-85.887151
49651,66406,44.398984,-85.106294
49653,85787,44.973631,-85.723949
49654,136563,45.009769,-86.136299
49655,65556,44.024932,-85.43205
49656,56656,44.055606,-85.697482
49657,76250,44.215267,-85.183625
49659,62308,44.905563,-85.034174
49660,65205,44.233751,-86.210649
49663,55733,44.42336,-85.393573
49664,77500,44.887981,-85.898639
49665,54265,44.100372,-85.132049
49667,45500,44.345956,-84.931109
49668,57583,44.40184,-85.713277
49670,116133,45.119283,-85.619724
49674,124803,45.047907,-85.591578
49675,64844,44.384164,-86.225376
49676,75781,44.843437,-85.294433
49677,59112,43.896335,-85.53535
49679,62120,43.878375,-85.158857
49680,77216,44.648125,-85.241466
49682,97813,44.988312,-85.647337
49683,61250,44.540521,-85.926894
49684,80788,44.762372,-85.685156
49685,84590,44.699632,-85.700684
49686,71609,44.849403,-85.542616
49688,63875,44.126516,-85.440211
49689,64070,44.211072,-85.910757
49690,108712,44.784314,-85.394673
49696,94803,44.674376,-85.487113
49701,44583,45.741789,-84.740904
49705,77500,45.348552,-84.463353
49706,76906,45.438274,-84.779397
49707,51396,45.094306,-83.476214
49709,51154,45.043661,-84.171382
49710,77656,46.276096,-84.176734
49712,74033,45.21121,-85.010975
49713,82563,45.220839,-84.845493
49715,63494,46.401119,-84.6925
49716,100179,45.509448,-84.749886
49718,48750,45.716626,-84.843092
49719,75156,45.990618,-84.322321
49720,77603,45.280509,-85.245046
49721,61174,45.574179,-84.455446
49722,87721,45.420846,-84.865106
49724,82321,46.32764,-84.390112
49725,55139,45.985831,-83.989467
49726,67232,46.003738,-83.615219
49727,70865,45.137651,-85.108962
49728,60909,46.386704,-85.024763
49729,77870,45.163731,-85.292999
49730,79679,45.044019,-84.867522
49733,66318,44.794071,-84.730562
49735,70819,44.998087,-84.670164
49736,49688,46.087784,-84.138358
49738,59708,44.692289,-84.595113
49740,89250,45.521875,-84.990777
49743,52969,45.266958,-83.893364
49744,77500,44.993123,-83.657097
49745,44063,46.021302,-84.528114
49746,47432,45.062987,-83.951062
49747,73233,44.835571,-83.629725
49748,56250,46.372259,-85.16574
49749,65608,45.422081,-84.584616
49751,62008,44.982838,-84.430167
49752,62460,46.263933,-84.417596
49753,57292,45.017318,-83.777038
49755,65789,45.643275,-84.827509
49756,53333,44.814691,-84.275815
49757,95000,45.860184,-84.625834
49759,56944,45.417476,-84.096086
49760,58958,46.047891,-84.847153
49762,57692,46.116086,-85.28474
49765,57404,45.338306,-84.25917
49766,61346,44.908297,-83.432043
49768,73750,46.639554,-85.118081
49769,67558,45.570812,-84.861754
49770,79590,45.331202,-84.897145
49774,84900,46.165835,-84.298661
49775,132500,45.770763,-84.477959
49776,59000,45.232202,-83.680373
49777,85781,45.285818,-83.479655
49779,53465,45.394382,-83.84441
49780,69375,46.209089,-84.686118
49781,64152,45.948137,-84.765522
49782,75938,45.618554,-85.543684
49783,60658,46.416901,-84.289054
49788,57524,46.264324,-84.469852
49791,59750,45.481006,-84.599373
49793,39167,46.214575,-85.047394
49795,57019,45.160679,-84.579688
49796,87434,45.272213,-84.948286
49799,58235,45.262433,-84.580375
49801,67337,45.927171,-88.015827
49802,62209,45.800591,-88.082227
49805,43819,47.360611,-88.402488
49806,85625,46.452414,-86.901161
49807,75329,45.699232,-87.293231
49808,52438,46.823114,-87.85267
49812,51250,45.591632,-87.50312
49814,77356,46.568034,-87.953816
49815,63854,46.188604,-87.946546
49816,70750,46.278851,-86.909361
49817,63984,45.949333,-86.504514
49818,61528,45.982363,-87.349348
49821,58750,45.520277,-87.619709
49822,58214,46.433521,-87.024586
49825,77250,46.357811,-86.972916
49826,61107,46.323306,-87.052838
49827,46827,46.180664,-85.530449
49829,50277,45.774101,-87.13629
49831,66750,46.056687,-87.729011
49833,73571,46.268336,-87.294628
49834,65000,45.969351,-87.705351
49835,51429,45.735776,-86.562598
49836,85500,46.201987,-85.903336
49837,64306,45.868678,-87.079109
49838,40000,46.031895,-85.737398
49839,47292,46.59846,-86.146442
49840,61250,46.174564,-86.054633
49841,60568,46.26711,-87.499647
49847,66250,45.704676,-87.636201
49848,38750,45.379216,-87.635741
49849,67518,46.42568,-87.771426
49852,83438,45.786249,-87.816777
49853,54563,46.368293,-85.750902
49854,55944,46.076172,-86.345803
49855,62083,46.561069,-87.451418
49858,53186,45.222109,-87.548174
49861,61875,46.568669,-88.1754
49862,61340,46.398696,-86.727185
49863,32961,45.61294,-87.551681
49864,103750,45.841522,-86.650397
49866,85019,46.415937,-87.584762
49868,55074,46.510988,-85.517552
49870,75179,45.867201,-87.878923
49871,63125,46.424714,-87.538923
49872,53281,46.018233,-87.082192
49873,49375,45.826699,-87.486662
49874,62500,45.753538,-87.468889
49876,39853,45.802174,-87.977377
49877,81458,46.158926,-87.712237
49878,71136,45.946742,-86.87753
49879,49471,46.340347,-88.064585
49880,64013,46.111059,-87.222303
49881,85625,46.07322,-88.047262
49883,53289,46.410608,-86.007868
49884,60063,46.41592,-86.356975
49885,81172,46.33805,-87.19832
49886,77500,45.6975,-87.494034
49887,58375,45.392007,-87.731587
49891,46063,46.217271,-87.015008
49892,74926,45.776825,-87.792363
49893,63125,45.297038,-87.605155
49894,93828,45.782823,-87.076331
49895,47115,46.171321,-86.661791
49896,56167,45.688568,-87.388865
49901,47639,47.292699,-88.392601
49902,39115,46.051168,-88.376162
49903,41818,46.337193,-88.482608
49905,77617,47.110078,-88.707654
49908,63281,46.758152,-88.563278
49910,39583,46.629711,-89.531354
49911,57000,46.498953,-90.057516
49912,57148,46.496716,-89.194224
49913,53571,47.238859,-88.451579
49915,35000,46.064638,-88.627095
49916,74625,46.984094,-88.586325
49917,52917,47.281359,-88.359132
49918,67188,47.439583,-87.829749
49919,49423,46.514745,-88.434927
49920,63605,46.138161,-88.30225
49922,55313,47.124404,-88.489531
49925,56250,46.544419,-89.374684
49927,47500,46.03306,-88.547007
49929,42708,46.798725,-89.09564
49930,72314,47.202985,-88.576295
49931,50408,47.184793,-88.640831
49934,47386,47.165644,-88.439092
49935,57236,46.175587,-88.752156
49938,46606,46.525851,-90.130358
49942,54722,47.260732,-88.41655
49945,59453,47.148165,-88.337092
49946,55341,46.727817,-88.332527
49947,48750,46.412734,-89.606815
49948,73063,46.752182,-88.998266
49950,53250,47.386306,-88.133747
49952,79583,46.701362,-88.784945
49953,59375,46.785658,-89.42686
49955,64402,47.006294,-88.694822
49958,40893,46.815468,-88.662927
49959,47500,46.469886,-89.998077
49960,44018,46.711853,-89.258371
49961,53750,46.449553,-88.702147
49962,62000,46.839281,-88.131113
49963,58958,47.048942,-88.639995
49965,78295,46.955096,-88.859543
49967,43750,46.506508,-88.966362
49968,55759,46.502982,-89.889607
49969,67188,46.251655,-89.210723
49970,60536,46.522947,-88.600492
49971,39861,46.710437,-89.628683
